{"initial_reset_timestamp": 1582555531.4065237, "timestamps": [1582555535.124837, 1582555538.543176, 1582555538.6146681, 1582555538.645057, 1582555538.6724143, 1582555538.6975918, 1582555538.7259488, 1582555538.7548842, 1582555542.0973074, 1582555542.1675453, 1582555542.1992044, 1582555542.2299592, 1582555542.2590418, 1582555542.287384, 1582555542.313712, 1582555542.340805, 1582555542.369536, 1582555542.3959188, 1582555542.4221702, 1582555542.451114, 1582555542.4810908, 1582555542.5104458, 1582555542.5390275, 1582555542.5647306, 1582555542.5910597, 1582555542.6167257, 1582555542.6422148, 1582555545.9954648, 1582555546.0675838, 1582555546.0983672, 1582555546.1270006, 1582555546.1530242, 1582555546.1790497, 1582555546.2057295, 1582555546.2328274, 1582555546.2613337, 1582555546.2875402, 1582555546.313253, 1582555546.3394806, 1582555546.365433, 1582555546.3910077, 1582555546.417635, 1582555546.4431472, 1582555546.469483, 1582555546.4973648, 1582555546.5228076, 1582555546.5492556, 1582555546.5745735, 1582555546.5995529, 1582555546.6263072, 1582555546.6519167, 1582555546.6777923, 1582555546.7046666, 1582555546.7315977, 1582555546.7603655, 1582555546.787329, 1582555546.822533, 1582555546.8532526, 1582555546.8805125, 1582555546.909232, 1582555546.9356437, 1582555546.9611542, 1582555546.989555, 1582555547.016757, 1582555550.3665817, 1582555550.452681, 1582555550.4909222, 1582555550.5291572, 1582555550.567119, 1582555550.6053276, 1582555550.6432433, 1582555550.6814497, 1582555550.7196484, 1582555550.7579432, 1582555550.7962189, 1582555550.836152, 1582555550.8744652, 1582555550.9140947, 1582555550.9520476, 1582555550.9901996, 1582555551.0278134, 1582555551.065365, 1582555551.1027546, 1582555551.1401966, 1582555551.1775303, 1582555551.2149856, 1582555551.2522552, 1582555551.28957, 1582555551.3268855, 1582555551.3642976, 1582555551.4015944, 1582555551.439369, 1582555551.4773252, 1582555551.5151556, 1582555551.5525658, 1582555551.5906012, 1582555551.627875, 1582555551.6653833, 1582555551.7032561, 1582555551.7415533], "episode_lengths": [200, 200, 200, 200, 200, 189, 200, 200, 200, 200, 200, 200, 200, 200, 200, 200, 200, 200, 200, 200, 200, 200, 200, 200, 200, 200, 200, 200, 200, 200, 200, 200, 200, 200, 200, 200, 200, 200, 200, 200, 200, 200, 200, 200, 200, 200, 200, 200, 200, 200, 200, 200, 200, 200, 200, 200, 200, 200, 200, 200, 200, 200, 200, 200, 200, 200, 200, 200, 200, 200, 200, 200, 200, 200, 200, 200, 200, 200, 200, 200, 200, 200, 200, 200, 200, 200, 200, 200, 200, 200, 200, 200, 200, 200, 200, 200, 200, 200, 200, 200], "episode_rewards": [200.0, 200.0, 200.0, 200.0, 200.0, 189.0, 200.0, 200.0, 200.0, 200.0, 200.0, 200.0, 200.0, 200.0, 200.0, 200.0, 200.0, 200.0, 200.0, 200.0, 200.0, 200.0, 200.0, 200.0, 200.0, 200.0, 200.0, 200.0, 200.0, 200.0, 200.0, 200.0, 200.0, 200.0, 200.0, 200.0, 200.0, 200.0, 200.0, 200.0, 200.0, 200.0, 200.0, 200.0, 200.0, 200.0, 200.0, 200.0, 200.0, 200.0, 200.0, 200.0, 200.0, 200.0, 200.0, 200.0, 200.0, 200.0, 200.0, 200.0, 200.0, 200.0, 200.0, 200.0, 200.0, 200.0, 200.0, 200.0, 200.0, 200.0, 200.0, 200.0, 200.0, 200.0, 200.0, 200.0, 200.0, 200.0, 200.0, 200.0, 200.0, 200.0, 200.0, 200.0, 200.0, 200.0, 200.0, 200.0, 200.0, 200.0, 200.0, 200.0, 200.0, 200.0, 200.0, 200.0, 200.0, 200.0, 200.0, 200.0], "episode_types": ["t", "t", "t", "t", "t", "t", "t", "t", "t", "t", "t", "t", "t", "t", "t", "t", "t", "t", "t", "t", "t", "t", "t", "t", "t", "t", "t", "t", "t", "t", "t", "t", "t", "t", "t", "t", "t", "t", "t", "t", "t", "t", "t", "t", "t", "t", "t", "t", "t", "t", "t", "t", "t", "t", "t", "t", "t", "t", "t", "t", "t", "t", "t", "t", "t", "t", "t", "t", "t", "t", "t", "t", "t", "t", "t", "t", "t", "t", "t", "t", "t", "t", "t", "t", "t", "t", "t", "t", "t", "t", "t", "t", "t", "t", "t", "t", "t", "t", "t", "t"]}